{
	"minepark.sound1": {
		"category": "neutral",
		"sounds": [
			{
				"name": "sounds/minepark/sound1"
			}
		]
	},
	"minepark.sound2": {
		"category": "neutral",
		"sounds": [
			{
				"name": "sounds/minepark/sound2"
			}
		]
	},
	"minepark.sound3": {
		"category": "neutral",
		"sounds": [
			{
				"name": "sounds/minepark/sound3"
			}
		]
	},
	"minepark.sound4": {
		"category": "neutral",
		"sounds": [
			{
				"name": "sounds/minepark/sound4"
			}
		]
	},
	"minepark.sound5": {
		"category": "neutral",
		"sounds": [
			{
				"name": "sounds/minepark/sound5"
			}
		]
	},
	"train.station": {
		"category": "neutral",
		"sounds": [
			{
				"name": "sounds/train/station"
			}
		]
	},
	"train.station1": {
		"category": "neutral",
		"sounds": [
			{
				"name": "sounds/train/station1"
			}
		]
	},
	"train.station2": {
		"category": "neutral",
		"sounds": [
			{
				"name": "sounds/train/station2"
			}
		]
	},
	"train.station3": {
		"category": "neutral",
		"sounds": [
			{
				"name": "sounds/train/station3"
			}
		]
	},
	"train.station4": {
		"category": "neutral",
		"sounds": [
			{
				"name": "sounds/train/station4"
			}
		]
	},
	"train.station5": {
		"category": "neutral",
		"sounds": [
			{
				"name": "sounds/train/station5"
			}
		]
	},
	"phone.loud1": {
		"category": "neutral",
		"sounds": [
			{
				"name": "sounds/phone/loud1"
			}
		]
	},
	"phone.loud2": {
		"category": "neutral",
		"sounds": [
			{
				"name": "sounds/phone/loud2"
			}
		]
	},
	"phone.loud3": {
		"category": "neutral",
		"sounds": [
			{
				"name": "sounds/phone/loud3"
			}
		]
	},
	"phone.loud4": {
		"category": "neutral",
		"sounds": [
			{
				"name": "sounds/phone/loud4"
			}
		]
	},
	"phone.loud5": {
		"category": "neutral",
		"sounds": [
			{
				"name": "sounds/phone/loud5"
			}
		]
	},
	"phone.loud6": {
		"category": "neutral",
		"sounds": [
			{
				"name": "sounds/phone/loud6"
			}
		]
	},
	"phone.loud7": {
		"category": "neutral",
		"sounds": [
			{
				"name": "sounds/phone/loud7"
			}
		]
	},
	"phone.loud8": {
		"category": "neutral",
		"sounds": [
			{
				"name": "sounds/phone/loud8"
			}
		]
	},
	"phone.loud9": {
		"category": "neutral",
		"sounds": [
			{
				"name": "sounds/phone/loud9"
			}
		]
	}
}