{
	"minepark.sound1": {
		"category": "neutral",
		"sounds": [
			{
				"name": "sounds/minepark/sound1",
				"volume": 99.99,
				"load_on_low_memory": true
		       }
        ]
    },
	"minepark.sound2": {
		"category": "neutral",
		"sounds": [
			{
				"name": "sounds/minepark/sound2",
				"volume": 99.99,
				"load_on_low_memory": true
		       }
        ]
    },
	"minepark.sound3": {
		"category": "neutral",
		"sounds": [
			{
				"name": "sounds/minepark/sound3",
				"volume": 99.99,
				"load_on_low_memory": true
		       }
        ]
    },
	"minepark.sound4": {
		"category": "neutral",
		"sounds": [
			{
				"name": "sounds/minepark/sound4",
				"volume": 99.99,
				"load_on_low_memory": true
		       }
        ]
    },
	"minepark.sound5": {
		"category": "neutral",
		"sounds": [
			{
				"name": "sounds/minepark/sound5",
				"volume": 99.99,
				"load_on_low_memory": true
		       }
        ]
    }
}