{
	"minepark.sound1": {
		"category": "neutral",
		"sounds": [
			{
				"name": "sounds/minepark/sound1"
			}
		]
	},
	"minepark.sound2": {
		"category": "neutral",
		"sounds": [
			{
				"name": "sounds/minepark/sound2"
			}
		]
	},
	"minepark.sound3": {
		"category": "neutral",
		"sounds": [
			{
				"name": "sounds/minepark/sound3"
			}
		]
	},
	"minepark.sound4": {
		"category": "neutral",
		"sounds": [
			{
				"name": "sounds/minepark/sound4"
			}
		]
	},
	"minepark.sound5": {
		"category": "neutral",
		"sounds": [
			{
				"name": "sounds/minepark/sound5"
			}
		]
	},
	"train.station": {
		"category": "neutral",
		"sounds": [
			{
				"name": "sounds/train/station"
			}
		]
	},
	"train.station1": {
		"category": "neutral",
		"sounds": [
			{
				"name": "sounds/train/station1"
			}
		]
	},
	"train.station2": {
		"category": "neutral",
		"sounds": [
			{
				"name": "sounds/train/station2"
			}
		]
	},
	"train.station3": {
		"category": "neutral",
		"sounds": [
			{
				"name": "sounds/train/station3"
			}
		]
	},
	"train.station4": {
		"category": "neutral",
		"sounds": [
			{
				"name": "sounds/train/station4"
			}
		]
	},
	"train.station5": {
		"category": "neutral",
		"sounds": [
			{
				"name": "sounds/train/station5"
			}
		]
	}
}