{
  "namespace": "scoreboard",
  "scoreboard_sidebar": {
    "type": "panel",
    "controls": [
      {
        "main": {
          "type": "image",
          "texture": "textures/ui/scoreboard",
          "alpha": 1,
          "size": [
            "60%c + 8px",
            "20%c + 16px"
          ],
          "controls": [
            {
              "displayed_objective": {
                "type": "label",
                "size": [
                  "default",
                  12
                ],
                "text": "",
                "anchor_from": "top_middle",
                "anchor_to": "top_middle",
                "text_alignment": "center",
                "inherit_max_sibling_width": true,
                "locked_alpha": 1,
                "layer": 1,
                "color": "$objective_title_color",
                "bindings": [
                  {
                    "binding_name": "#objective_sidebar_name",
                    "binding_type": "global"
                  }
                ],
                "offset": [
                  0,
                  0
                ],
                "shadow": false
              }
            },
            {
              "lists": {
                "type": "panel",
                "anchor_from": "top_middle",
                "anchor_to": "top_middle",
                "inherit_max_sibling_width": true,
                "offset": [
                  0,
                  25
                ],
                "size": [
                  "100%c",
                  "100%cm"
                ],
                "controls": [
                  {
                    "players": {
                      "bindings": [
                        {
                          "binding_name": "#scoreboard_sidebar_size",
                          "binding_type": "global",
                          "binding_name_override": "#collection_length"
                        }
                      ],
                      "type": "stack_panel",
                      "anchor_from": "top_left",
                      "anchor_to": "top_left",
                      "size": [
                        "100%cm",
                        "100%c"
                      ],
                      "orientation": "vertical",
                      "collection_name": "scoreboard_players",
                      "factory": {
                        "name": "player_list_factory",
                        "control_name": "scoreboard.scoreboard_sidebar_player"
                      },
                      "offset": [
                        -10,
                        0
                      ]
                    }
                  },
                  {
                    "scores": {
                      "type": "stack_panel",
                      "anchor_from": "top_right",
                      "anchor_to": "top_right",
                      "size": [
                        "100%cm",
                        "100%c"
                      ],
                      "orientation": "vertical",
                      "collection_name": "scoreboard_scores",
                      "factory": {
                        "name": "player_score_factory",
                        "control_name": "scoreboard.scoreboard_sidebar_score"
                      },
                      "bindings": [
                        {
                          "binding_name": "#scoreboard_sidebar_size",
                          "binding_type": "global",
                          "binding_name_override": "#collection_length"
                        }
                      ],
                      "offset": [
                        10,
                        0
                      ]
                    }
                  }
                ]
              }
            }
          ]
        }
      }
    ],
    "bindings": [
      {
        "binding_name": "#scoreboard_sidebar_visible",
        "binding_type": "global",
        "binding_name_override": "#visible"
      }
    ],
    "offset": [
      0,
      -40
    ]
  }
}