{
  "geometry.villager": {
		"texturewidth": 512,
		"textureheight": 128,
		"visible_bounds_width": 7,
		"visible_bounds_height": 2,
		"visible_bounds_offset": [0, 1, 0],
		"bones": [
			{
				"name": "body",
				"pivot": [0, 24, 0],
				"material": "alpha",
				"cubes": [
					{"origin": [-16, 3, -20], "size": [32, 1, 40], "uv": [204, 0]},
					{"origin": [-16, 4, 2], "size": [32, 14, 1], "uv": [390, 73]},
					{"origin": [-16, 12, -20], "size": [32, 6, 4], "uv": [100, 99]},
					{"origin": [7.3, 12.5, -16], "size": [2, 2, 3], "uv": [0, 8]},
					{"origin": [4.3, 10.5, -13.5], "size": [8, 8, 0], "uv": [0, 0]},
					{"origin": [2.8, 4, -10], "size": [11, 3, 12], "uv": [172, 99]},
					{"origin": [-13.8, 4, -10], "size": [11, 3, 12], "uv": [172, 99]},
					{"origin": [2.8, 7, -1], "size": [11, 14, 3], "uv": [218, 99]},
					{"origin": [-13.8, 7, -1], "size": [11, 14, 3], "uv": [218, 99]},
					{"origin": [-14.5, 4, 8], "size": [29, 3, 12], "uv": [246, 99]},
					{"origin": [-14.5, 7, 17], "size": [29, 12, 3], "uv": [100, 109]},
					{"origin": [-18, 3, -39], "size": [36, 15, 19], "uv": [0, 0]},
					{"origin": [-18, 4, -45], "size": [36, 14, 6], "uv": [110, 0]},
					{"origin": [-18, 3, -39], "size": [5, 10, 13], "uv": [0, 63]},
					{"origin": [13, 3, -39], "size": [5, 10, 13], "uv": [36, 63]},
					{"origin": [-19, 6, -46], "size": [38, 4, 6], "uv": [308, 0]},
					{"origin": [-19, 6, 35], "size": [38, 4, 11], "uv": [308, 10]},
					{"origin": [-18, 3, 20], "size": [36, 15, 14], "uv": [0, 34]},
					{"origin": [-18, 5, 34], "size": [36, 13, 11], "uv": [110, 20]},
					{"origin": [-18, 3, 21], "size": [5, 10, 13], "uv": [0, 86]},
					{"origin": [13, 3, 21], "size": [5, 10, 13], "uv": [36, 86]},
					{"origin": [-16, 12, 44.3], "size": [2, 3, 1], "uv": [184, 114]},
					{"origin": [14, 12, 44.3], "size": [2, 3, 1], "uv": [184, 118]},
					{"origin": [-22, 17.5, -19], "size": [4, 3, 2], "uv": [0, 13]},
					{"origin": [18, 17.5, -19], "size": [4, 3, 2], "uv": [0, 13]},
					{"origin": [-18, 3, -20], "size": [2, 15, 40], "uv": [100, 44]},
					{"origin": [16, 3, -20], "size": [2, 15, 40], "uv": [184, 44]},
					{"origin": [-17, 11, -21.5], "size": [2, 18, 1], "uv": [406, 0]},
					{"origin": [15, 11, -21.5], "size": [2, 18, 1], "uv": [414, 0]},
					{"origin": [-15, 11, -29.5], "size": [30, 2, 2], "uv": [406, 27]},
					{"origin": [-15, 17, -20.5], "size": [30, 12, 0], "uv": [228, 41]}
				]
			},
			{
				"name": "leg0",
				"pivot": [0, 6, 27.5],
				"rotation": [-115, 0, 0],
				"cubes": [
					{"origin": [-17.9, 1.2976, 23.43877], "size": [4, 8, 8], "uv": [0, 109]},
					{"origin": [13.9, 1.2976, 23.43877], "size": [4, 8, 8], "uv": [0, 109]},
					{"origin": [-17.9, 0.2976, 23.43877], "size": [4, 1, 8], "uv": [24, 109]},
					{"origin": [-17.9, 9.2976, 23.43877], "size": [4, 1, 8], "uv": [24, 109]},
					{"origin": [13.9, 0.2976, 23.43877], "size": [4, 1, 8], "uv": [24, 109]},
					{"origin": [13.9, 9.2976, 23.43877], "size": [4, 1, 8], "uv": [24, 109]},
					{"origin": [-17.9, 1.2976, 22.43877], "size": [4, 8, 1], "uv": [24, 118]},
					{"origin": [-17.9, 1.2976, 31.43877], "size": [4, 8, 1], "uv": [24, 118]},
					{"origin": [13.9, 1.2976, 22.43877], "size": [4, 8, 1], "uv": [24, 118]},
					{"origin": [13.9, 1.2976, 31.43877], "size": [4, 8, 1], "uv": [24, 118]},
					{"origin": [-17.9, -0.7024, 25.43877], "size": [4, 1, 4], "uv": [16, 109]},
					{"origin": [-17.9, 10.2976, 25.43877], "size": [4, 1, 4], "uv": [16, 109]},
					{"origin": [13.9, -0.7024, 25.43877], "size": [4, 1, 4], "uv": [16, 109]},
					{"origin": [13.9, 10.2976, 25.43877], "size": [4, 1, 4], "uv": [16, 109]},
					{"origin": [-17.9, 3.2976, 21.43877], "size": [4, 4, 1], "uv": [34, 118]},
					{"origin": [-17.9, 3.2976, 32.43877], "size": [4, 4, 1], "uv": [34, 118]},
					{"origin": [13.9, 3.2976, 21.43877], "size": [4, 4, 1], "uv": [34, 118]},
					{"origin": [13.9, 3.2976, 32.43877], "size": [4, 4, 1], "uv": [34, 118]}
				]
			},
			{
				"name": "leg1",
				"pivot": [0, 6, -32.5],
				"cubes": [
					{"origin": [-17.9, 3, -36.5], "size": [4, 8, 8], "uv": [0, 109]},
					{"origin": [13.9, 3, -36.5], "size": [4, 8, 8], "uv": [0, 109]},
					{"origin": [-17.9, 2, -36.5], "size": [4, 1, 8], "uv": [24, 109]},
					{"origin": [-17.9, 11, -36.5], "size": [4, 1, 8], "uv": [24, 109]},
					{"origin": [13.9, 2, -36.5], "size": [4, 1, 8], "uv": [24, 109]},
					{"origin": [13.9, 11, -36.5], "size": [4, 1, 8], "uv": [24, 109]},
					{"origin": [-17.9, 3, -37.5], "size": [4, 8, 1], "uv": [24, 118]},
					{"origin": [-17.9, 3, -28.5], "size": [4, 8, 1], "uv": [24, 118]},
					{"origin": [13.9, 3, -37.5], "size": [4, 8, 1], "uv": [24, 118]},
					{"origin": [13.9, 3, -28.5], "size": [4, 8, 1], "uv": [24, 118]},
					{"origin": [-17.9, 1, -34.5], "size": [4, 1, 4], "uv": [16, 109]},
					{"origin": [-17.9, 12, -34.5], "size": [4, 1, 4], "uv": [16, 109]},
					{"origin": [13.9, 1, -34.5], "size": [4, 1, 4], "uv": [16, 109]},
					{"origin": [13.9, 12, -34.5], "size": [4, 1, 4], "uv": [16, 109]},
					{"origin": [-17.9, 5, -38.5], "size": [4, 4, 1], "uv": [34, 118]},
					{"origin": [-17.9, 5, -27.5], "size": [4, 4, 1], "uv": [34, 118]},
					{"origin": [13.9, 5, -38.5], "size": [4, 4, 1], "uv": [34, 118]},
					{"origin": [13.9, 5, -27.5], "size": [4, 4, 1], "uv": [34, 118]}
				]
			}
		]
	}
 }
	
	
	
  
  
  
  
  
  
  
  
  
  
  
  
  
  
  
  
  
  
  
  
  
  
  
