{
	"geometry.minecart": {
		"texturewidth": 1320,
		"textureheight": 536,
		"visible_bounds_width": 20,
		"visible_bounds_height": 5,
		"visible_bounds_offset": [0, 2.5, 0],
		"bones": [
			{
				"name": "bottom",
				"pivot": [0, 0, 0],
				"cubes": [
					{"origin": [-122, 21, -17.5], "size": [244, 41, 1], "uv": [0, 95]},
					{"origin": [-133, 21, -17], "size": [11, 9, 1], "uv": [1300, 0]},
					{"origin": [-141, 21, -16], "size": [8, 9.5, 1], "uv": [1300, 0]},
					{"origin": [-143, 21, -15], "size": [2, 9, 1], "uv": [1300, 0]},
					{"origin": [-144, 22, -14], "size": [1, 5, 1], "uv": [1300, 0]},
					{"origin": [-145, 23, -13], "size": [1.25, 3, 2], "uv": [1300, 0]},
					{"origin": [-143, 21, -14], "size": [1, 1, 1], "uv": [1300, 0]},
					{"origin": [-144, 21, -13], "size": [1, 2, 2], "uv": [1300, 0]},
					{"origin": [-144.5, 21, -13], "size": [1, 1, 2], "uv": [1300, 0]},
					{"origin": [-145, 28, -13], "size": [1.25, 1.5, 2], "uv": [1300, 0]},
					{"origin": [-144, 28, -14], "size": [1, 1.5, 1], "uv": [1300, 0]},
					{"origin": [-145, 26, -11], "size": [1.25, 2, 5], "uv": [1300, 0]},
					{"origin": [-144, 26.5, -12.75], "size": [1, 1, 1.75], "uv": [1120, 0]},
					{"origin": [-143, 27, -14], "size": [1, 1, 1], "uv": [1300, 0]},
					{"origin": [-145, 29.5, -13], "size": [1.25, 1.5, 2], "uv": [1172, 0]},
					{"origin": [-144, 29.5, -14], "size": [1, 2.5, 1], "uv": [1198, 0]},
					{"origin": [-143, 30, -15], "size": [2, 5.5, 1], "uv": [1168, 0]},
					{"origin": [-141, 30.5, -16], "size": [1, 9.5, 1], "uv": [1146, 0]},
					{"origin": [-140, 30.5, -16], "size": [2, 9.5, 1], "uv": [1141, 0]},
					{"origin": [-136, 30.5, -16], "size": [2, 1.5, 1], "uv": [1318, 0]},
					{"origin": [-138, 31.25, -16], "size": [2, 8.75, 1], "uv": [1202, 0]},
					{"origin": [-138, 30.5, -16], "size": [2, 0.75, 1], "uv": [1318, 0]},
					{"origin": [-136, 32, -16], "size": [2, 8, 1], "uv": [1202, 0]},
					{"origin": [-134, 32.75, -16], "size": [1, 7.25, 1], "uv": [1202, 0]},
					{"origin": [-134, 30, -16], "size": [1, 2.75, 1], "uv": [1320, 0]},
					{"origin": [-133, 21, -17], "size": [11, 12, 1], "uv": [1300, 0]},
					{"origin": [-133, 33, -17], "size": [1, 7, 1], "uv": [1172, 0]},
					{"origin": [-132, 33.75, -17], "size": [2, 6.25, 1], "uv": [1172, 0]},
					{"origin": [-130, 34.5, -17], "size": [2, 5.5, 1], "uv": [1172, 0]},
					{"origin": [-128, 35.25, -17], "size": [2, 5.75, 1], "uv": [1172, 0]},
					{"origin": [-132, 32.75, -17], "size": [2, 1, 1], "uv": [1318, 0]},
					{"origin": [-130, 33, -17], "size": [2, 1.5, 1], "uv": [1318, 0]},
					{"origin": [-126, 33, -17], "size": [2, 3, 1], "uv": [1318, 0]},
					{"origin": [-128, 33, -17], "size": [2, 2.25, 1], "uv": [1318, 0]},
					{"origin": [-124, 33, -17], "size": [2, 3.75, 1], "uv": [1318, 0]},
					{"origin": [-126, 36, -17], "size": [2, 11.5, 1], "uv": [1185, 0]},
					{"origin": [-124, 36.75, -17], "size": [1, 20.25, 1], "uv": [1185, 0]},
					{"origin": [-146, 31, 4], "size": [1, 1, 3], "uv": [1181, 8]},
					{"origin": [-145, 33, -13], "size": [1.25, 1, 2], "uv": [1172, 0]},
					{"origin": [-144, 33, -14], "size": [1, 1, 1], "uv": [1198, 0]},
					{"origin": [-145, 31, -8], "size": [1, 2, 2], "uv": [1137, 0]},
					{"origin": [-144, 31.75, -12.75], "size": [1, 1, 1.5], "uv": [1120, 0]},
					{"origin": [-143, 32, -14], "size": [1, 1, 1], "uv": [1137, 0]},
					{"origin": [-145, 31, -11], "size": [1, 2, 1], "uv": [1137, 0]},
					{"origin": [-145, 31.5, -9.75], "size": [1, 1, 1.5], "uv": [1115, 0]},
					{"origin": [-143.75, 31, -13], "size": [1, 2, 3], "uv": [1163, 0]},
					{"origin": [-144.75, 31, -10], "size": [1, 2, 3], "uv": [1163, 0]},
					{"origin": [-145, 31.25, -9.5], "size": [1, 1.5, 1], "uv": [1115, 0]},
					{"origin": [-144, 31.5, -12.5], "size": [1, 1.5, 1], "uv": [1120, 0]},
					{"origin": [-143.75, 26, -13], "size": [1, 2, 2], "uv": [1320, 0]},
					{"origin": [-144, 26.25, -12.5], "size": [1, 1.5, 1.25], "uv": [1120, 0]},
					{"origin": [-144.5, 34, -13], "size": [1.25, 1.5, 2], "uv": [1172, 0]},
					{"origin": [-143.5, 34, -14], "size": [1, 1.5, 1], "uv": [1198, 0]},
					{"origin": [-144, 35.5, -13], "size": [1.25, 1.5, 2], "uv": [1172, 0]},
					{"origin": [-143, 35.5, -14], "size": [1, 1.5, 1], "uv": [1198, 0]},
					{"origin": [-142, 35.5, -15], "size": [1, 4.5, 1], "uv": [1168, 0]},
					{"origin": [-142, 35.5, 14], "size": [1, 4.5, 1], "uv": [1168, 0]},
					{"origin": [-145, 35.5, -11], "size": [1.25, 1.5, 22], "uv": [1146, 0]},
					{"origin": [-143, 35.5, 13], "size": [1, 1.5, 1], "uv": [1198, 0]},
					{"origin": [-144, 35.5, 11], "size": [1.25, 1.5, 2], "uv": [1172, 0]},
					{"origin": [-145.5, 34, -11], "size": [1.25, 1.5, 22], "uv": [1158.875, 0]},
					{"origin": [-143.5, 34, 13], "size": [1, 1.5, 1], "uv": [1198, 0]},
					{"origin": [-144.5, 34, 11], "size": [1.25, 1.5, 2], "uv": [1172, 0]},
					{"origin": [-144, 26.25, 11.25], "size": [1, 1.5, 1.25], "uv": [1120, 0]},
					{"origin": [-143.75, 26, 11], "size": [1, 2, 2], "uv": [1320, 0]},
					{"origin": [-144, 31.5, 11.5], "size": [1, 1.5, 1], "uv": [1120, 0]},
					{"origin": [-145, 31.25, 8.5], "size": [1, 1.5, 1], "uv": [1115, 0]},
					{"origin": [-144.75, 31, 7], "size": [1, 2, 3], "uv": [1163, 0]},
					{"origin": [-143.75, 31, 10], "size": [1, 2, 3], "uv": [1163, 0]},
					{"origin": [-145, 31.5, 8.25], "size": [1, 1, 1.5], "uv": [1115, 0]},
					{"origin": [-145, 31, 10], "size": [1, 2, 1], "uv": [1137, 0]},
					{"origin": [-143, 32, 13], "size": [1, 1, 1], "uv": [1137, 0]},
					{"origin": [-144, 31.75, 11.25], "size": [1, 1, 1.5], "uv": [1120, 0]},
					{"origin": [-145, 31, 6], "size": [1, 2, 2], "uv": [1137, 0]},
					{"origin": [-144, 33, 13], "size": [1, 1, 1], "uv": [1198, 0]},
					{"origin": [-145, 33, 11], "size": [1.25, 1, 2], "uv": [1172, 0]},
					{"origin": [-146, 33, -11], "size": [1.25, 1, 22], "uv": [1141, 0]},
					{"origin": [-146, 32, -8], "size": [1, 1, 16], "uv": [1181, 8]},
					{"origin": [-124, 33, 16], "size": [2, 3.75, 1], "uv": [1318, 0]},
					{"origin": [-128, 33, 16], "size": [2, 2.25, 1], "uv": [1318, 0]},
					{"origin": [-126, 33, 16], "size": [2, 3, 1], "uv": [1318, 0]},
					{"origin": [-130, 33, 16], "size": [2, 1.5, 1], "uv": [1318, 0]},
					{"origin": [-132, 32.75, 16], "size": [2, 1, 1], "uv": [1318, 0]},
					{"origin": [-130, 34.5, 16], "size": [2, 5.5, 1], "uv": [1172, 0]},
					{"origin": [-132, 33.75, 16], "size": [2, 6.25, 1], "uv": [1172, 0]},
					{"origin": [-133, 33, 16], "size": [1, 7, 1], "uv": [1172, 0]},
					{"origin": [-133, 21, 16], "size": [11, 12, 1], "uv": [1300, 0]},
					{"origin": [-134, 30, 15], "size": [1, 2.75, 1], "uv": [1320, 0]},
					{"origin": [-134, 32.75, 15], "size": [1, 7.25, 1], "uv": [1202, 0]},
					{"origin": [-136, 32, 15], "size": [2, 8, 1], "uv": [1202, 0]},
					{"origin": [-138, 30.5, 15], "size": [2, 0.75, 1], "uv": [1318, 0]},
					{"origin": [-138, 31.25, 15], "size": [2, 8.75, 1], "uv": [1202, 0]},
					{"origin": [-136, 30.5, 15], "size": [2, 1.5, 1], "uv": [1318, 0]},
					{"origin": [-140, 30.5, 15], "size": [2, 9.5, 1], "uv": [1141, 0]},
					{"origin": [-141, 30.5, 15], "size": [1, 9.5, 1], "uv": [1146, 0]},
					{"origin": [-143, 30, 14], "size": [2, 5.5, 1], "uv": [1168, 0]},
					{"origin": [-144, 29.5, 13], "size": [1, 2.5, 1], "uv": [1198, 0]},
					{"origin": [-145, 29.5, 11], "size": [1.25, 1.5, 2], "uv": [1172, 0]},
					{"origin": [-146, 29, -11], "size": [1.25, 2, 22], "uv": [1150, 0]},
					{"origin": [-143, 27, 13], "size": [1, 1, 1], "uv": [1300, 0]},
					{"origin": [-144, 26.5, 11], "size": [1, 1, 1.75], "uv": [1120, 0]},
					{"origin": [-145, 26, 6], "size": [1.25, 2, 5], "uv": [1300, 0]},
					{"origin": [-144, 28, 13], "size": [1, 1.5, 1], "uv": [1300, 0]},
					{"origin": [-145, 28, 11], "size": [1.25, 1.5, 2], "uv": [1300, 0]},
					{"origin": [-146, 28, -11], "size": [1, 1, 22], "uv": [1300, 0]},
					{"origin": [-146, 27, -8], "size": [1, 1, 16], "uv": [1300, 0]},
					{"origin": [-146, 26, -7], "size": [1, 1, 14], "uv": [1300, 0]},
					{"origin": [-144.5, 21, 11], "size": [1, 1, 2], "uv": [1300, 0]},
					{"origin": [-145.5, 21, -11], "size": [1, 1, 22], "uv": [1300, 0]},
					{"origin": [-145, 21, -11], "size": [1, 2, 22], "uv": [1300, 0]},
					{"origin": [-144, 21, 11], "size": [1, 2, 2], "uv": [1300, 0]},
					{"origin": [-143, 21, 13], "size": [1, 1, 1], "uv": [1300, 0]},
					{"origin": [-146, 23, -11], "size": [1, 3, 22], "uv": [1300, 0]},
					{"origin": [-145, 23, 11], "size": [1.25, 3, 2], "uv": [1300, 0]},
					{"origin": [-144, 22, 13], "size": [1, 5, 1], "uv": [1300, 0]},
					{"origin": [-143, 21, 14], "size": [2, 9, 1], "uv": [1300, 0]},
					{"origin": [-141, 21, 15], "size": [8, 9.5, 1], "uv": [1300, 0]},
					{"origin": [-133, 21, 16], "size": [11, 9, 1], "uv": [1300, 0]},
					{"origin": [-146, 31, -7], "size": [1, 1, 3], "uv": [1181, 8]},
					{"origin": [-146, 31, -4], "size": [1, 1, 8], "uv": [1096, 15]},
					{"origin": [-123, 36.75, -17], "size": [1, 25.25, 1], "uv": [1320, 0]},
					{"origin": [-125, 47.5, -17], "size": [1, 4, 1], "uv": [1185, 0]},
					{"origin": [-127, 41, -17], "size": [1, 3, 1], "uv": [1172, 0]},
					{"origin": [-134, 59.5, 9], "size": [1, 2, 5], "uv": [1146, 0]},
					{"origin": [-133, 61.5, -14], "size": [1, 1.5, 28], "uv": [1146, 0]},
					{"origin": [-132, 63, -14], "size": [1, 1, 28], "uv": [1146, 0]},
					{"origin": [-131, 64, -14], "size": [1, 1.5, 28], "uv": [1146, 0]},
					{"origin": [-130, 65.5, -14], "size": [1, 1, 28], "uv": [1146, 0]},
					{"origin": [-129, 66.5, -14], "size": [1, 1, 28], "uv": [1146, 0]},
					{"origin": [-128, 67, -14], "size": [1, 1, 28], "uv": [1146, 0]},
					{"origin": [-127, 67.5, -14], "size": [1, 1, 28], "uv": [1146, 0]},
					{"origin": [-126, 68, -14], "size": [1, 1, 28], "uv": [1146, 0]},
					{"origin": [-125, 68.5, -14], "size": [3, 1, 28], "uv": [1146, 0]},
					{"origin": [-135, 57.5, 9], "size": [1, 2, 5], "uv": [1146, 0]},
					{"origin": [-137, 54, -14], "size": [1, 1.5, 2], "uv": [1146, 0]},
					{"origin": [-140, 48, -14], "size": [1, 2, 2], "uv": [1146, 0]},
					{"origin": [-138, 52, -14], "size": [1, 2, 2], "uv": [1146, 0]},
					{"origin": [-139, 50, -14], "size": [1, 2, 2], "uv": [1146, 0]},
					{"origin": [-142, 40, -14], "size": [1, 4, 2], "uv": [1146, 0]},
					{"origin": [-143, 36.75, -14], "size": [1, 3.5, 2], "uv": [1146, 0]},
					{"origin": [-141, 44, -14], "size": [1, 4, 2], "uv": [1146, 0]},
					{"origin": [-143, 36.75, 12], "size": [1, 3.5, 2], "uv": [1146, 0]},
					{"origin": [-142, 40, 12], "size": [1, 4, 2], "uv": [1146, 0]},
					{"origin": [-141, 44, 12], "size": [1, 4, 2], "uv": [1146, 0]},
					{"origin": [-140, 48, 12], "size": [1, 2, 2], "uv": [1146, 0]},
					{"origin": [-139, 50, 12], "size": [1, 2, 2], "uv": [1146, 0]},
					{"origin": [-138, 52, 12], "size": [1, 2, 2], "uv": [1146, 0]},
					{"origin": [-137, 54, 12], "size": [1, 1.5, 2], "uv": [1146, 0]},
					{"origin": [-136, 55.5, -14], "size": [1, 2, 28], "uv": [1146, 0]},
					{"origin": [-141, 40, -15], "size": [2, 4, 1], "uv": [1146, 0]},
					{"origin": [-140, 44, -15], "size": [2, 4, 1], "uv": [1146, 0]},
					{"origin": [-139, 48, -15], "size": [2, 2, 1], "uv": [1146, 0]},
					{"origin": [-137, 52, -15], "size": [2, 2, 1], "uv": [1146, 0]},
					{"origin": [-138, 50, -15], "size": [2, 2, 1], "uv": [1146, 0]},
					{"origin": [-136, 54, -15], "size": [2, 1.5, 1], "uv": [1146, 0]},
					{"origin": [-135, 55.5, -15], "size": [2, 2, 1], "uv": [1146, 0]},
					{"origin": [-134, 55.5, -15], "size": [3, 4, 1], "uv": [1146, 0]},
					{"origin": [-144, 37, -11], "size": [0.25, 3, 22], "uv": [1198, 99]},
					{"origin": [-144, 37, 11], "size": [1.5, 3, 0.25], "uv": [1198, 99]},
					{"origin": [-142.5, 37, 11], "size": [0.25, 3, 1], "uv": [1198, 99]},
					{"origin": [-144, 37, -11.25], "size": [1.5, 3, 0.25], "uv": [1198, 99]},
					{"origin": [-142.5, 37, -12], "size": [0.25, 3, 1], "uv": [1198, 99]},
					{"origin": [-131, 55.5, -16], "size": [2.5, 3, 1], "uv": [1146, 0]},
					{"origin": [-128.5, 55.5, -16], "size": [2, 2.5, 1], "uv": [1146, 0]},
					{"origin": [-126.5, 55.5, -17], "size": [2.5, 2, 1], "uv": [1146, 0]},
					{"origin": [-124, 57, -17], "size": [1, 5, 1], "uv": [1320, 0]},
					{"origin": [-126.5, 57.5, -17], "size": [2.5, 4.5, 1], "uv": [1320, 0]},
					{"origin": [-128.5, 58, -16], "size": [2, 4, 1], "uv": [1320, 0]},
					{"origin": [-131, 58.5, -16], "size": [2.5, 3.5, 1], "uv": [1320, 0]},
					{"origin": [-132, 61.5, -15], "size": [1, 2, 1], "uv": [1320, 0]},
					{"origin": [-134, 59.5, -14], "size": [1, 2, 5], "uv": [1146, 0]},
					{"origin": [-135, 57.5, -14], "size": [1, 2, 5], "uv": [1146, 0]},
					{"origin": [-134, 59.5, -9], "size": [1, 2, 18], "uv": [1007, 0]},
					{"origin": [-135, 57.5, -9], "size": [1, 2, 18], "uv": [1007, 0]},
					{"origin": [-122, 62, -16.5], "size": [244, 3, 1], "uv": [0, 143]},
					{"origin": [-122, 65, -16], "size": [244, 2, 1], "uv": [0, 148]},
					{"origin": [-122, 68, -15], "size": [244, 1, 2], "uv": [0, 159]},
					{"origin": [-122, 67, -15.5], "size": [244, 1.5, 1], "uv": [0, 152]},
					{"origin": [-126.5, 62, -16.5], "size": [4.5, 3, 1], "uv": [1320, 0]},
					{"origin": [-126.5, 65, -16], "size": [4.5, 2, 1], "uv": [1320, 0]},
					{"origin": [-126.5, 66, -15.5], "size": [4.5, 2.5, 1.5], "uv": [1320, 0]},
					{"origin": [-128, 65, -15], "size": [1.5, 2.5, 1], "uv": [1320, 0]},
					{"origin": [-131, 62, -15.5], "size": [4.5, 3, 1.5], "uv": [1320, 0]},
					{"origin": [-130, 64, -15], "size": [1, 1.5, 1], "uv": [1320, 0]},
					{"origin": [-129, 65, -15], "size": [1, 1.5, 1], "uv": [1320, 0]},
					{"origin": [-133, 59.5, -15], "size": [2, 2, 1], "uv": [1320, 0]},
					{"origin": [-128, 35.25, 16], "size": [2, 5.75, 1], "uv": [1172, 0]},
					{"origin": [-126, 36, 16], "size": [2, 11.5, 1], "uv": [1185, 0]},
					{"origin": [-127, 41, 16], "size": [1, 3, 1], "uv": [1172, 0]},
					{"origin": [-124, 36.75, 16], "size": [1, 20.25, 1], "uv": [1185, 0]},
					{"origin": [-125, 47.5, 16], "size": [1, 4, 1], "uv": [1185, 0]},
					{"origin": [-123, 36.75, 16], "size": [1, 25.25, 1], "uv": [1320, 0]},
					{"origin": [-126.5, 57.5, 16], "size": [2.5, 4.5, 1], "uv": [1320, 0]},
					{"origin": [-128.5, 58, 15], "size": [2, 4, 1], "uv": [1320, 0]},
					{"origin": [-131, 58.5, 15], "size": [2.5, 3.5, 1], "uv": [1320, 0]},
					{"origin": [-133, 59.5, 14], "size": [2, 2, 1], "uv": [1320, 0]},
					{"origin": [-132, 61.5, 14], "size": [1, 2, 1], "uv": [1320, 0]},
					{"origin": [-124, 57, 16], "size": [1, 5, 1], "uv": [1320, 0]},
					{"origin": [-126.5, 62, 15.5], "size": [4.5, 3, 1], "uv": [1320, 0]},
					{"origin": [-126.5, 65, 15], "size": [4.5, 2, 1], "uv": [1320, 0]},
					{"origin": [-126.5, 66, 14], "size": [4.5, 2.5, 1.5], "uv": [1320, 0]},
					{"origin": [-128, 65, 14], "size": [1.5, 2.5, 1], "uv": [1320, 0]},
					{"origin": [-129, 65, 14], "size": [1, 1.5, 1], "uv": [1320, 0]},
					{"origin": [-130, 64, 14], "size": [1, 1.5, 1], "uv": [1320, 0]},
					{"origin": [-131, 62, 14], "size": [4.5, 3, 1.5], "uv": [1320, 0]},
					{"origin": [-141, 40, 14], "size": [2, 4, 1], "uv": [1146, 0]},
					{"origin": [-140, 44, 14], "size": [2, 4, 1], "uv": [1146, 0]},
					{"origin": [-139, 48, 14], "size": [2, 2, 1], "uv": [1146, 0]},
					{"origin": [-138, 50, 14], "size": [2, 2, 1], "uv": [1146, 0]},
					{"origin": [-137, 52, 14], "size": [2, 2, 1], "uv": [1146, 0]},
					{"origin": [-136, 54, 14], "size": [2, 1.5, 1], "uv": [1146, 0]},
					{"origin": [-135, 55.5, 14], "size": [2, 2, 1], "uv": [1146, 0]},
					{"origin": [-134, 55.5, 14], "size": [3, 4, 1], "uv": [1146, 0]},
					{"origin": [-131, 55.5, 15], "size": [2.5, 3, 1], "uv": [1146, 0]},
					{"origin": [-128.5, 55.5, 15], "size": [2, 2.5, 1], "uv": [1146, 0]},
					{"origin": [-126.5, 55.5, 16], "size": [2.5, 2, 1], "uv": [1146, 0]},
					{"origin": [-122, 62, 16.5], "size": [244, 3, 1], "uv": [0, 238], "mirror": true},
					{"origin": [-122, 65, 16], "size": [244, 2, 1], "uv": [0, 243], "mirror": true},
					{"origin": [-122, 67, 15.5], "size": [244, 1.5, 1], "uv": [0, 247], "mirror": true},
					{"origin": [-122, 68, 14], "size": [244, 1, 2], "uv": [0, 251], "mirror": true},
					{"origin": [122, 21, -17], "size": [11, 9, 1], "uv": [1300, 0], "mirror": true},
					{"origin": [133, 21, -16], "size": [8, 9.5, 1], "uv": [1300, 0], "mirror": true},
					{"origin": [141, 21, -15], "size": [2, 9, 1], "uv": [1300, 0], "mirror": true},
					{"origin": [143, 22, -14], "size": [1, 5, 1], "uv": [1300, 0], "mirror": true},
					{"origin": [143.75, 23, -13], "size": [1.25, 3, 2], "uv": [1300, 0], "mirror": true},
					{"origin": [142, 21, -14], "size": [1, 1, 1], "uv": [1300, 0], "mirror": true},
					{"origin": [143, 21, -13], "size": [1, 2, 2], "uv": [1300, 0], "mirror": true},
					{"origin": [143.5, 21, -13], "size": [1, 1, 2], "uv": [1300, 0], "mirror": true},
					{"origin": [143.75, 28, -13], "size": [1.25, 1.5, 2], "uv": [1300, 0], "mirror": true},
					{"origin": [143, 28, -14], "size": [1, 1.5, 1], "uv": [1300, 0], "mirror": true},
					{"origin": [143.75, 26, -11], "size": [1.25, 2, 5], "uv": [1300, 0], "mirror": true},
					{"origin": [143, 26.5, -12.75], "size": [1, 1, 1.75], "uv": [1120, 0], "mirror": true},
					{"origin": [142, 27, -14], "size": [1, 1, 1], "uv": [1300, 0], "mirror": true},
					{"origin": [143.75, 29.5, -13], "size": [1.25, 1.5, 2], "uv": [1172, 0], "mirror": true},
					{"origin": [143, 29.5, -14], "size": [1, 2.5, 1], "uv": [1198, 0], "mirror": true},
					{"origin": [141, 30, -15], "size": [2, 5.5, 1], "uv": [1168, 0], "mirror": true},
					{"origin": [140, 30.5, -16], "size": [1, 9.5, 1], "uv": [1146, 0], "mirror": true},
					{"origin": [138, 30.5, -16], "size": [2, 9.5, 1], "uv": [1141, 0], "mirror": true},
					{"origin": [134, 30.5, -16], "size": [2, 1.5, 1], "uv": [1318, 0], "mirror": true},
					{"origin": [136, 31.25, -16], "size": [2, 8.75, 1], "uv": [1202, 0], "mirror": true},
					{"origin": [136, 30.5, -16], "size": [2, 0.75, 1], "uv": [1318, 0], "mirror": true},
					{"origin": [134, 32, -16], "size": [2, 8, 1], "uv": [1202, 0], "mirror": true},
					{"origin": [133, 32.75, -16], "size": [1, 7.25, 1], "uv": [1202, 0], "mirror": true},
					{"origin": [133, 30, -16], "size": [1, 2.75, 1], "uv": [1320, 0], "mirror": true},
					{"origin": [122, 21, -17], "size": [11, 12, 1], "uv": [1300, 0], "mirror": true},
					{"origin": [132, 33, -17], "size": [1, 7, 1], "uv": [1172, 0], "mirror": true},
					{"origin": [130, 33.75, -17], "size": [2, 6.25, 1], "uv": [1172, 0], "mirror": true},
					{"origin": [128, 34.5, -17], "size": [2, 5.5, 1], "uv": [1172, 0], "mirror": true},
					{"origin": [126, 35.25, -17], "size": [2, 5.75, 1], "uv": [1172, 0], "mirror": true},
					{"origin": [130, 32.75, -17], "size": [2, 1, 1], "uv": [1318, 0], "mirror": true},
					{"origin": [128, 33, -17], "size": [2, 1.5, 1], "uv": [1318, 0], "mirror": true},
					{"origin": [124, 33, -17], "size": [2, 3, 1], "uv": [1318, 0], "mirror": true},
					{"origin": [126, 33, -17], "size": [2, 2.25, 1], "uv": [1318, 0], "mirror": true},
					{"origin": [122, 33, -17], "size": [2, 3.75, 1], "uv": [1318, 0], "mirror": true},
					{"origin": [124, 36, -17], "size": [2, 11.5, 1], "uv": [1185, 0], "mirror": true},
					{"origin": [123, 36.75, -17], "size": [1, 20.25, 1], "uv": [1185, 0], "mirror": true},
					{"origin": [145, 31, 4], "size": [1, 1, 3], "uv": [1181, 8], "mirror": true},
					{"origin": [143.75, 33, -13], "size": [1.25, 1, 2], "uv": [1172, 0], "mirror": true},
					{"origin": [143, 33, -14], "size": [1, 1, 1], "uv": [1198, 0], "mirror": true},
					{"origin": [144, 31, -8], "size": [1, 2, 2], "uv": [1137, 0], "mirror": true},
					{"origin": [143, 31.75, -12.75], "size": [1, 1, 1.5], "uv": [1120, 0], "mirror": true},
					{"origin": [142, 32, -14], "size": [1, 1, 1], "uv": [1137, 0], "mirror": true},
					{"origin": [144, 31, -11], "size": [1, 2, 1], "uv": [1137, 0], "mirror": true},
					{"origin": [144, 31.5, -9.75], "size": [1, 1, 1.5], "uv": [1115, 0], "mirror": true},
					{"origin": [142.75, 31, -13], "size": [1, 2, 3], "uv": [1163, 0], "mirror": true},
					{"origin": [143.75, 31, -10], "size": [1, 2, 3], "uv": [1163, 0], "mirror": true},
					{"origin": [144, 31.25, -9.5], "size": [1, 1.5, 1], "uv": [1115, 0], "mirror": true},
					{"origin": [143, 31.5, -12.5], "size": [1, 1.5, 1], "uv": [1120, 0], "mirror": true},
					{"origin": [142.75, 26, -13], "size": [1, 2, 2], "uv": [1320, 0], "mirror": true},
					{"origin": [143, 26.25, -12.5], "size": [1, 1.5, 1.25], "uv": [1120, 0], "mirror": true},
					{"origin": [143.25, 34, -13], "size": [1.25, 1.5, 2], "uv": [1172, 0], "mirror": true},
					{"origin": [142.5, 34, -14], "size": [1, 1.5, 1], "uv": [1198, 0], "mirror": true},
					{"origin": [142.75, 35.5, -13], "size": [1.25, 1.5, 2], "uv": [1172, 0], "mirror": true},
					{"origin": [142, 35.5, -14], "size": [1, 1.5, 1], "uv": [1198, 0], "mirror": true},
					{"origin": [141, 35.5, -15], "size": [1, 4.5, 1], "uv": [1168, 0], "mirror": true},
					{"origin": [141, 35.5, 14], "size": [1, 4.5, 1], "uv": [1168, 0], "mirror": true},
					{"origin": [143.75, 35.5, -11], "size": [1.25, 1.5, 22], "uv": [1146, 0], "mirror": true},
					{"origin": [142, 35.5, 13], "size": [1, 1.5, 1], "uv": [1198, 0], "mirror": true},
					{"origin": [142.75, 35.5, 11], "size": [1.25, 1.5, 2], "uv": [1172, 0], "mirror": true},
					{"origin": [144.25, 34, -11], "size": [1.25, 1.5, 22], "uv": [1158.875, 0], "mirror": true},
					{"origin": [142.5, 34, 13], "size": [1, 1.5, 1], "uv": [1198, 0], "mirror": true},
					{"origin": [143.25, 34, 11], "size": [1.25, 1.5, 2], "uv": [1172, 0], "mirror": true},
					{"origin": [143, 26.25, 11.25], "size": [1, 1.5, 1.25], "uv": [1120, 0], "mirror": true},
					{"origin": [142.75, 26, 11], "size": [1, 2, 2], "uv": [1320, 0], "mirror": true},
					{"origin": [143, 31.5, 11.5], "size": [1, 1.5, 1], "uv": [1120, 0], "mirror": true},
					{"origin": [144, 31.25, 8.5], "size": [1, 1.5, 1], "uv": [1115, 0], "mirror": true},
					{"origin": [143.75, 31, 7], "size": [1, 2, 3], "uv": [1163, 0], "mirror": true},
					{"origin": [142.75, 31, 10], "size": [1, 2, 3], "uv": [1163, 0], "mirror": true},
					{"origin": [144, 31.5, 8.25], "size": [1, 1, 1.5], "uv": [1115, 0], "mirror": true},
					{"origin": [144, 31, 10], "size": [1, 2, 1], "uv": [1137, 0], "mirror": true},
					{"origin": [142, 32, 13], "size": [1, 1, 1], "uv": [1137, 0], "mirror": true},
					{"origin": [143, 31.75, 11.25], "size": [1, 1, 1.5], "uv": [1120, 0], "mirror": true},
					{"origin": [144, 31, 6], "size": [1, 2, 2], "uv": [1137, 0], "mirror": true},
					{"origin": [143, 33, 13], "size": [1, 1, 1], "uv": [1198, 0], "mirror": true},
					{"origin": [143.75, 33, 11], "size": [1.25, 1, 2], "uv": [1172, 0], "mirror": true},
					{"origin": [144.75, 33, -11], "size": [1.25, 1, 22], "uv": [1141, 0], "mirror": true},
					{"origin": [145, 32, -8], "size": [1, 1, 16], "uv": [1181, 8], "mirror": true},
					{"origin": [122, 33, 16], "size": [2, 3.75, 1], "uv": [1318, 0], "mirror": true},
					{"origin": [126, 33, 16], "size": [2, 2.25, 1], "uv": [1318, 0], "mirror": true},
					{"origin": [124, 33, 16], "size": [2, 3, 1], "uv": [1318, 0], "mirror": true},
					{"origin": [128, 33, 16], "size": [2, 1.5, 1], "uv": [1318, 0], "mirror": true},
					{"origin": [130, 32.75, 16], "size": [2, 1, 1], "uv": [1318, 0], "mirror": true},
					{"origin": [128, 34.5, 16], "size": [2, 5.5, 1], "uv": [1172, 0], "mirror": true},
					{"origin": [130, 33.75, 16], "size": [2, 6.25, 1], "uv": [1172, 0], "mirror": true},
					{"origin": [132, 33, 16], "size": [1, 7, 1], "uv": [1172, 0], "mirror": true},
					{"origin": [122, 21, 16], "size": [11, 12, 1], "uv": [1300, 3.875], "mirror": true},
					{"origin": [133, 30, 15], "size": [1, 2.75, 1], "uv": [1320, 0], "mirror": true},
					{"origin": [133, 32.75, 15], "size": [1, 7.25, 1], "uv": [1202, 0], "mirror": true},
					{"origin": [134, 32, 15], "size": [2, 8, 1], "uv": [1202, 0], "mirror": true},
					{"origin": [136, 30.5, 15], "size": [2, 0.75, 1], "uv": [1318, 0], "mirror": true},
					{"origin": [136, 31.25, 15], "size": [2, 8.75, 1], "uv": [1202, 0], "mirror": true},
					{"origin": [134, 30.5, 15], "size": [2, 1.5, 1], "uv": [1318, 0], "mirror": true},
					{"origin": [138, 30.5, 15], "size": [2, 9.5, 1], "uv": [1141, 0], "mirror": true},
					{"origin": [140, 30.5, 15], "size": [1, 9.5, 1], "uv": [1146, 0], "mirror": true},
					{"origin": [141, 30, 14], "size": [2, 5.5, 1], "uv": [1168, 0], "mirror": true},
					{"origin": [143, 29.5, 13], "size": [1, 2.5, 1], "uv": [1198, 0], "mirror": true},
					{"origin": [143.75, 29.5, 11], "size": [1.25, 1.5, 2], "uv": [1172, 0], "mirror": true},
					{"origin": [144.75, 29, -11], "size": [1.25, 2, 22], "uv": [1150, 0], "mirror": true},
					{"origin": [142, 27, 13], "size": [1, 1, 1], "uv": [1300, 0], "mirror": true},
					{"origin": [143, 26.5, 11], "size": [1, 1, 1.75], "uv": [1120, 0], "mirror": true},
					{"origin": [143.75, 26, 6], "size": [1.25, 2, 5], "uv": [1300, 0], "mirror": true},
					{"origin": [143, 28, 13], "size": [1, 1.5, 1], "uv": [1300, 0], "mirror": true},
					{"origin": [143.75, 28, 11], "size": [1.25, 1.5, 2], "uv": [1300, 0], "mirror": true},
					{"origin": [145, 28, -11], "size": [1, 1, 22], "uv": [1300, 0], "mirror": true},
					{"origin": [145, 27, -8], "size": [1, 1, 16], "uv": [1300, 0], "mirror": true},
					{"origin": [145, 26, -7], "size": [1, 1, 14], "uv": [1300, 0], "mirror": true},
					{"origin": [143.5, 21, 11], "size": [1, 1, 2], "uv": [1300, 0], "mirror": true},
					{"origin": [144.5, 21, -11], "size": [1, 1, 22], "uv": [1300, 0], "mirror": true},
					{"origin": [144, 21, -11], "size": [1, 2, 22], "uv": [1300, 0], "mirror": true},
					{"origin": [143, 21, 11], "size": [1, 2, 2], "uv": [1300, 0], "mirror": true},
					{"origin": [142, 21, 13], "size": [1, 1, 1], "uv": [1300, 0], "mirror": true},
					{"origin": [145, 23, -11], "size": [1, 3, 22], "uv": [1300, 0], "mirror": true},
					{"origin": [143.75, 23, 11], "size": [1.25, 3, 2], "uv": [1300, 0], "mirror": true},
					{"origin": [143, 22, 13], "size": [1, 5, 1], "uv": [1300, 0], "mirror": true},
					{"origin": [141, 21, 14], "size": [2, 9, 1], "uv": [1300, 0], "mirror": true},
					{"origin": [133, 21, 15], "size": [8, 9.5, 1], "uv": [1300, 0], "mirror": true},
					{"origin": [122, 21, 16], "size": [11, 9, 1], "uv": [1300, 0], "mirror": true},
					{"origin": [145, 31, -7], "size": [1, 1, 3], "uv": [1181, 8], "mirror": true},
					{"origin": [145, 31, -4], "size": [1, 1, 8], "uv": [1096, 15], "mirror": true},
					{"origin": [122, 36.75, -17], "size": [1, 25.25, 1], "uv": [1320, 0], "mirror": true},
					{"origin": [124, 47.5, -17], "size": [1, 4, 1], "uv": [1185, 0], "mirror": true},
					{"origin": [126, 41, -17], "size": [1, 3, 1], "uv": [1172, 0], "mirror": true},
					{"origin": [133, 59.5, 9], "size": [1, 2, 5], "uv": [1146, 0], "mirror": true},
					{"origin": [132, 61.5, -14], "size": [1, 1.5, 28], "uv": [1146, 0], "mirror": true},
					{"origin": [131, 63, -14], "size": [1, 1, 28], "uv": [1146, 0], "mirror": true},
					{"origin": [130, 64, -14], "size": [1, 1.5, 28], "uv": [1146, 0], "mirror": true},
					{"origin": [129, 65.5, -14], "size": [1, 1, 28], "uv": [1146, 0], "mirror": true},
					{"origin": [128, 66.5, -14], "size": [1, 1, 28], "uv": [1146, 0], "mirror": true},
					{"origin": [127, 67, -14], "size": [1, 1, 28], "uv": [1146, 0], "mirror": true},
					{"origin": [126, 67.5, -14], "size": [1, 1, 28], "uv": [1146, 0], "mirror": true},
					{"origin": [125, 68, -14], "size": [1, 1, 28], "uv": [1146, 0], "mirror": true},
					{"origin": [122, 68.5, -14], "size": [3, 1, 28], "uv": [1146, 0], "mirror": true},
					{"origin": [134, 57.5, 9], "size": [1, 2, 5], "uv": [1146, 0], "mirror": true},
					{"origin": [136, 54, -14], "size": [1, 1.5, 2], "uv": [1146, 0], "mirror": true},
					{"origin": [139, 48, -14], "size": [1, 2, 2], "uv": [1146, 0], "mirror": true},
					{"origin": [137, 52, -14], "size": [1, 2, 2], "uv": [1146, 0], "mirror": true},
					{"origin": [138, 50, -14], "size": [1, 2, 2], "uv": [1146, 0], "mirror": true},
					{"origin": [141, 40, -14], "size": [1, 4, 2], "uv": [1146, 0], "mirror": true},
					{"origin": [142, 36.75, -14], "size": [1, 3.5, 2], "uv": [1146, 0], "mirror": true},
					{"origin": [140, 44, -14], "size": [1, 4, 2], "uv": [1146, 0], "mirror": true},
					{"origin": [142, 36.75, 12], "size": [1, 3.5, 2], "uv": [1146, 0], "mirror": true},
					{"origin": [141, 40, 12], "size": [1, 4, 2], "uv": [1146, 0], "mirror": true},
					{"origin": [140, 44, 12], "size": [1, 4, 2], "uv": [1146, 0], "mirror": true},
					{"origin": [139, 48, 12], "size": [1, 2, 2], "uv": [1146, 0], "mirror": true},
					{"origin": [138, 50, 12], "size": [1, 2, 2], "uv": [1146, 0], "mirror": true},
					{"origin": [137, 52, 12], "size": [1, 2, 2], "uv": [1146, 0], "mirror": true},
					{"origin": [136, 54, 12], "size": [1, 1.5, 2], "uv": [1146, 0], "mirror": true},
					{"origin": [135, 55.5, -14], "size": [1, 2, 28], "uv": [1146, 0], "mirror": true},
					{"origin": [139, 40, -15], "size": [2, 4, 1], "uv": [1146, 0], "mirror": true},
					{"origin": [138, 44, -15], "size": [2, 4, 1], "uv": [1146, 0], "mirror": true},
					{"origin": [137, 48, -15], "size": [2, 2, 1], "uv": [1146, 0], "mirror": true},
					{"origin": [135, 52, -15], "size": [2, 2, 1], "uv": [1146, 0], "mirror": true},
					{"origin": [136, 50, -15], "size": [2, 2, 1], "uv": [1146, 0], "mirror": true},
					{"origin": [134, 54, -15], "size": [2, 1.5, 1], "uv": [1146, 0], "mirror": true},
					{"origin": [133, 55.5, -15], "size": [2, 2, 1], "uv": [1146, 0], "mirror": true},
					{"origin": [131, 55.5, -15], "size": [3, 4, 1], "uv": [1146, 0], "mirror": true},
					{"origin": [143.75, 37, -11], "size": [0.25, 3, 22], "uv": [1198, 99], "mirror": true},
					{"origin": [142.5, 37, 11], "size": [1.5, 3, 0.25], "uv": [1198, 99], "mirror": true},
					{"origin": [142.25, 37, 11], "size": [0.25, 3, 1], "uv": [1198, 99], "mirror": true},
					{"origin": [142.5, 37, -11.25], "size": [1.5, 3, 0.25], "uv": [1198, 99], "mirror": true},
					{"origin": [142.25, 37, -12], "size": [0.25, 3, 1], "uv": [1198, 99], "mirror": true},
					{"origin": [128.5, 55.5, -16], "size": [2.5, 3, 1], "uv": [1146, 0], "mirror": true},
					{"origin": [126.5, 55.5, -16], "size": [2, 2.5, 1], "uv": [1146, 0], "mirror": true},
					{"origin": [124, 55.5, -17], "size": [2.5, 2, 1], "uv": [1146, 0], "mirror": true},
					{"origin": [123, 57, -17], "size": [1, 5, 1], "uv": [1320, 0], "mirror": true},
					{"origin": [124, 57.5, -17], "size": [2.5, 4.5, 1], "uv": [1320, 0], "mirror": true},
					{"origin": [126.5, 58, -16], "size": [2, 4, 1], "uv": [1320, 0], "mirror": true},
					{"origin": [128.5, 58.5, -16], "size": [2.5, 3.5, 1], "uv": [1320, 0], "mirror": true},
					{"origin": [131, 61.5, -15], "size": [1, 2, 1], "uv": [1320, 0], "mirror": true},
					{"origin": [133, 59.5, -14], "size": [1, 2, 5], "uv": [1146, 0], "mirror": true},
					{"origin": [134, 57.5, -14], "size": [1, 2, 5], "uv": [1146, 0], "mirror": true},
					{"origin": [133, 59.5, -9], "size": [1, 2, 18], "uv": [1007, 0], "mirror": true},
					{"origin": [134, 57.5, -9], "size": [1, 2, 18], "uv": [1007, 0], "mirror": true},
					{"origin": [122, 62, -16.5], "size": [4.5, 3, 1], "uv": [1320, 0], "mirror": true},
					{"origin": [122, 65, -16], "size": [4.5, 2, 1], "uv": [1320, 0], "mirror": true},
					{"origin": [122, 66, -15.5], "size": [4.5, 2.5, 1.5], "uv": [1320, 0], "mirror": true},
					{"origin": [126.5, 65, -15], "size": [1.5, 2, 1], "uv": [1320, 0], "mirror": true},
					{"origin": [126.5, 62, -15.5], "size": [4.5, 3, 1.5], "uv": [1320, 0], "mirror": true},
					{"origin": [129, 64, -15], "size": [1, 1.5, 1], "uv": [1320, 0], "mirror": true},
					{"origin": [128, 65, -15], "size": [1, 1.5, 1], "uv": [1320, 0], "mirror": true},
					{"origin": [131, 59.5, -15], "size": [2, 2, 1], "uv": [1320, 0], "mirror": true},
					{"origin": [126, 35.25, 16], "size": [2, 5.75, 1], "uv": [1172, 0], "mirror": true},
					{"origin": [124, 36, 16], "size": [2, 11.5, 1], "uv": [1185, 0], "mirror": true},
					{"origin": [126, 41, 16], "size": [1, 3, 1], "uv": [1172, 0], "mirror": true},
					{"origin": [123, 36.75, 16], "size": [1, 20.25, 1], "uv": [1185, 0], "mirror": true},
					{"origin": [124, 47.5, 16], "size": [1, 4, 1], "uv": [1185, 0], "mirror": true},
					{"origin": [122, 36.75, 16], "size": [1, 25.25, 1], "uv": [1320, 0], "mirror": true},
					{"origin": [124, 57.5, 16], "size": [2.5, 4.5, 1], "uv": [1320, 0], "mirror": true},
					{"origin": [126.5, 58, 15], "size": [2, 4, 1], "uv": [1320, 0], "mirror": true},
					{"origin": [128.5, 58.5, 15], "size": [2.5, 3.5, 1], "uv": [1320, 0], "mirror": true},
					{"origin": [131, 59.5, 14], "size": [2, 2, 1], "uv": [1320, 0], "mirror": true},
					{"origin": [131, 61.5, 14], "size": [1, 2, 1], "uv": [1320, 0], "mirror": true},
					{"origin": [123, 57, 16], "size": [1, 5, 1], "uv": [1320, 0], "mirror": true},
					{"origin": [122, 62, 15.5], "size": [4.5, 3, 1], "uv": [1320, 0], "mirror": true},
					{"origin": [122, 65, 15], "size": [4.5, 2, 1], "uv": [1320, 0], "mirror": true},
					{"origin": [122, 66, 14], "size": [4.5, 2.5, 1.5], "uv": [1320, 0], "mirror": true},
					{"origin": [126.5, 65, 14], "size": [1.5, 2, 1], "uv": [1320, 0], "mirror": true},
					{"origin": [128, 65, 14], "size": [1, 1.5, 1], "uv": [1320, 0], "mirror": true},
					{"origin": [129, 64, 14], "size": [1, 1.5, 1], "uv": [1320, 0], "mirror": true},
					{"origin": [126.5, 62, 14], "size": [4.5, 3, 1.5], "uv": [1320, 0], "mirror": true},
					{"origin": [139, 40, 14], "size": [2, 4, 1], "uv": [1146, 0], "mirror": true},
					{"origin": [138, 44, 14], "size": [2, 4, 1], "uv": [1146, 0], "mirror": true},
					{"origin": [137, 48, 14], "size": [2, 2, 1], "uv": [1146, 0], "mirror": true},
					{"origin": [136, 50, 14], "size": [2, 2, 1], "uv": [1146, 0], "mirror": true},
					{"origin": [135, 52, 14], "size": [2, 2, 1], "uv": [1146, 0], "mirror": true},
					{"origin": [134, 54, 14], "size": [2, 1.5, 1], "uv": [1146, 0], "mirror": true},
					{"origin": [133, 55.5, 14], "size": [2, 2, 1], "uv": [1146, 0], "mirror": true},
					{"origin": [131, 55.5, 14], "size": [3, 4, 1], "uv": [1146, 0], "mirror": true},
					{"origin": [128.5, 55.5, 15], "size": [2.5, 3, 1], "uv": [1146, 0], "mirror": true},
					{"origin": [126.5, 55.5, 15], "size": [2, 2.5, 1], "uv": [1146, 0], "mirror": true},
					{"origin": [124, 55.5, 16], "size": [2.5, 2, 1], "uv": [1146, 0], "mirror": true},
					{"origin": [-8.5, 21, 11], "size": [17, 40, 6], "uv": [673, 67], "mirror": true},
					{"origin": [-145, 21, -17.5], "size": [290, 1, 35.5], "uv": [0, 260]},
					{"origin": [-145, 61, -17.5], "size": [290, 1, 35.5], "uv": [0, 300]},
					{"origin": [-125, 18, -14.5], "size": [250, 3, 29], "uv": [0, 343]},
					{"origin": [-119, 64, -11], "size": [24, 4, 23], "uv": [798, 0]},
					{"origin": [-55, 63, -11], "size": [43, 7, 23], "uv": [642, 0]},
					{"origin": [-53.5, 70, -9.5], "size": [11.5, 1, 8.5], "uv": [667, 37]},
					{"origin": [-54.5, 69.5, -10.5], "size": [13.5, 1, 10.5], "uv": [939, 0]},
					{"origin": [-44.5, 69.25, -11], "size": [1.5, 1, 11.5], "uv": [895, 0]},
					{"origin": [-52.5, 69.25, -11], "size": [1.5, 1, 11.5], "uv": [895, 0]},
					{"origin": [-44.5, 69.25, 0.5], "size": [1.5, 1, 11.5], "uv": [895, 0]},
					{"origin": [-52.5, 69.25, 0.5], "size": [1.5, 1, 11.5], "uv": [895, 0]},
					{"origin": [-54.5, 69.5, 1], "size": [13.5, 1, 10.5], "uv": [939, 0]},
					{"origin": [-53.5, 70, 2], "size": [11.5, 1, 8.5], "uv": [667, 37]},
					{"origin": [-30, 69.25, 0.5], "size": [1.5, 1, 11.5], "uv": [895, 0]},
					{"origin": [-38, 69.25, 0.5], "size": [1.5, 1, 11.5], "uv": [895, 0]},
					{"origin": [-40, 69.5, 1], "size": [13.5, 1, 10.5], "uv": [939, 0]},
					{"origin": [-39, 70, 2], "size": [11.5, 1, 8.5], "uv": [712, 37]},
					{"origin": [-39, 70, -9.5], "size": [11.5, 1, 8.5], "uv": [712, 37]},
					{"origin": [-38, 69.25, -11], "size": [1.5, 1, 11.5], "uv": [895, 0]},
					{"origin": [-30, 69.25, -11], "size": [1.5, 1, 11.5], "uv": [895, 0]},
					{"origin": [-40, 69.5, -10.5], "size": [13.5, 1, 10.5], "uv": [939, 0]},
					{"origin": [-18.5, 69.5, -3.5], "size": [6, 1, 15], "uv": [851, 39]},
					{"origin": [-17.5, 69.5, -2.5], "size": [4, 1.5, 13], "uv": [763, 38]},
					{"origin": [-19, 69.25, 10], "size": [7, 1, 1], "uv": [963, 26]},
					{"origin": [-19, 69.25, 3.5], "size": [7, 1, 1], "uv": [963, 26]},
					{"origin": [-19, 69.25, -3], "size": [7, 1, 1], "uv": [963, 26]},
					{"origin": [-19, 69.25, -6], "size": [7, 1, 1], "uv": [963, 26]},
					{"origin": [-19, 69.25, -10], "size": [7, 1, 1], "uv": [963, 26]},
					{"origin": [-18.5, 69.5, -10.5], "size": [6, 1, 6], "uv": [899, 36]},
					{"origin": [-17.5, 69.5, -9.5], "size": [4, 1.5, 4], "uv": [679, 55]},
					{"origin": [-26, 69.5, 1], "size": [6.5, 1, 10.5], "uv": [945, 46]},
					{"origin": [-26, 69.5, -10.5], "size": [6.5, 1, 10.5], "uv": [945, 46]},
					{"origin": [12, 63, -11], "size": [43, 7, 23], "uv": [642, 0]},
					{"origin": [13.5, 70, -9.5], "size": [11.5, 1, 8.5], "uv": [667, 37]},
					{"origin": [12.5, 69.5, -10.5], "size": [13.5, 1, 10.5], "uv": [939, 0]},
					{"origin": [22.5, 69.25, -11], "size": [1.5, 1, 11.5], "uv": [895, 0]},
					{"origin": [14.5, 69.25, -11], "size": [1.5, 1, 11.5], "uv": [895, 0]},
					{"origin": [22.5, 69.25, 0.5], "size": [1.5, 1, 11.5], "uv": [895, 0]},
					{"origin": [14.5, 69.25, 0.5], "size": [1.5, 1, 11.5], "uv": [895, 0]},
					{"origin": [12.5, 69.5, 1], "size": [13.5, 1, 10.5], "uv": [939, 0]},
					{"origin": [13.5, 70, 2], "size": [11.5, 1, 8.5], "uv": [667, 37]},
					{"origin": [37, 69.25, 0.5], "size": [1.5, 1, 11.5], "uv": [895, 0]},
					{"origin": [29, 69.25, 0.5], "size": [1.5, 1, 11.5], "uv": [895, 0]},
					{"origin": [27, 69.5, 1], "size": [13.5, 1, 10.5], "uv": [939, 0]},
					{"origin": [28, 70, 2], "size": [11.5, 1, 8.5], "uv": [712, 37]},
					{"origin": [28, 70, -9.5], "size": [11.5, 1, 8.5], "uv": [712, 37]},
					{"origin": [29, 69.25, -11], "size": [1.5, 1, 11.5], "uv": [895, 0]},
					{"origin": [37, 69.25, -11], "size": [1.5, 1, 11.5], "uv": [895, 0]},
					{"origin": [27, 69.5, -10.5], "size": [13.5, 1, 10.5], "uv": [939, 0]},
					{"origin": [48.5, 69.5, -3.5], "size": [6, 1, 15], "uv": [851, 39]},
					{"origin": [49.5, 69.5, -2.5], "size": [4, 1.5, 13], "uv": [763, 38]},
					{"origin": [48, 69.25, 10], "size": [7, 1, 1], "uv": [963, 26]},
					{"origin": [48, 69.25, 3.5], "size": [7, 1, 1], "uv": [963, 26]},
					{"origin": [48, 69.25, -3], "size": [7, 1, 1], "uv": [963, 26]},
					{"origin": [48, 69.25, -6], "size": [7, 1, 1], "uv": [963, 26]},
					{"origin": [48, 69.25, -10], "size": [7, 1, 1], "uv": [963, 26]},
					{"origin": [48.5, 69.5, -10.5], "size": [6, 1, 6], "uv": [899, 36]},
					{"origin": [49.5, 69.5, -9.5], "size": [4, 1.5, 4], "uv": [679, 55]},
					{"origin": [41, 69.5, 1], "size": [6.5, 1, 10.5], "uv": [945, 46]},
					{"origin": [41, 69.5, -10.5], "size": [6.5, 1, 10.5], "uv": [945, 46]},
					{"origin": [72, 64, -11], "size": [24, 4, 23], "uv": [798, 0]},
					{"origin": [-88, 64, -11], "size": [23, 5, 23], "uv": [924, 63]},
					{"origin": [-88, 64, -11], "size": [23, 5, 23], "uv": [924, 63]},
					{"origin": [-122, 21, 17], "size": [244, 41, 1], "uv": [0, 195], "mirror": true},
					{"origin": [-8.5, 21, -16.5], "size": [17, 40, 6], "uv": [720, 68], "mirror": true},
					{"origin": [-66, 22, -16.5], "size": [0, 39, 33.5], "uv": [777, 91]},
					{"origin": [-92, 22, 4.5], "size": [50, 2, 12.5], "uv": [780, 65]},
					{"origin": [-73.75, 24, 4.5], "size": [16.5, 8, 12.5], "uv": [709, 128]},
					{"origin": [-66.25, 33, 10.5], "size": [1, 9, 6.5], "uv": [984, 136]},
					{"origin": [-65.75, 42, 3.5], "size": [0, 2, 13.5], "uv": [791, 97]},
					{"origin": [-66.25, 33, 3.5], "size": [1, 9, 6.5], "uv": [984, 136]},
					{"origin": [-92, 32, 3.5], "size": [9.5, 1, 13.5], "uv": [907, 155]},
					{"origin": [-75, 32, 3.5], "size": [18.5, 1, 13.5], "uv": [905, 129]},
					{"origin": [-91.75, 24, 4.5], "size": [8.5, 8, 12.5], "uv": [849, 133]},
					{"origin": [-91.5, 42, 3.5], "size": [0, 2, 13.5], "uv": [791, 97]},
					{"origin": [-92, 33, 10.5], "size": [1, 9, 6.5], "uv": [984, 136]},
					{"origin": [-92, 33, 3.5], "size": [1, 9, 6.5], "uv": [984, 136]},
					{"origin": [-43, 22, -16.5], "size": [0, 39, 33.5], "uv": [777, 91]},
					{"origin": [-93, 22, -16.5], "size": [0, 39, 33.5], "uv": [777, 91]},
					{"origin": [-92, 22, -15.5], "size": [50, 2, 12.5], "uv": [780, 65]},
					{"origin": [-73.75, 24, -15.5], "size": [16.5, 8, 12.5], "uv": [709, 128]},
					{"origin": [-91.75, 24, -15.5], "size": [8.5, 8, 12.5], "uv": [849, 133]},
					{"origin": [-75, 32, -16.5], "size": [18.5, 1, 13.5], "uv": [905, 129]},
					{"origin": [-66.25, 33, -16.5], "size": [1, 9, 6.5], "uv": [984, 136]},
					{"origin": [-66.25, 33, -9.5], "size": [1, 9, 6.5], "uv": [984, 136]},
					{"origin": [-92, 33, -9.5], "size": [1, 9, 6.5], "uv": [984, 136]},
					{"origin": [-92, 33, -16.5], "size": [1, 9, 6.5], "uv": [984, 136]},
					{"origin": [-92, 32, -16.5], "size": [9.5, 1, 13.5], "uv": [907, 155]},
					{"origin": [-91.5, 42, -16.5], "size": [0, 2, 13.5], "uv": [791, 97]},
					{"origin": [-65.75, 42, -16.5], "size": [0, 2, 13.5], "uv": [791, 97]},
					{"origin": [-119, 22, -16.5], "size": [0, 39, 33.5], "uv": [777, 131]},
					{"origin": [66, 22, -16.5], "size": [0, 39, 33.5], "uv": [777, 91], "mirror": true},
					{"origin": [42, 22, 4.5], "size": [50, 2, 12.5], "uv": [780, 65], "mirror": true},
					{"origin": [57.25, 24, 4.5], "size": [16.5, 8, 12.5], "uv": [709, 128], "mirror": true},
					{"origin": [65.25, 33, 10.5], "size": [1, 9, 6.5], "uv": [984, 136], "mirror": true},
					{"origin": [65.75, 42, 3.5], "size": [0, 2, 13.5], "uv": [791, 97], "mirror": true},
					{"origin": [65.25, 33, 3.5], "size": [1, 9, 6.5], "uv": [984, 136], "mirror": true},
					{"origin": [82.5, 32, 3.5], "size": [9.5, 1, 13.5], "uv": [907, 155], "mirror": true},
					{"origin": [56.5, 32, 3.5], "size": [18.5, 1, 13.5], "uv": [905, 129], "mirror": true},
					{"origin": [83.25, 24, 4.5], "size": [8.5, 8, 12.5], "uv": [849, 133], "mirror": true},
					{"origin": [91.5, 42, 3.5], "size": [0, 2, 13.5], "uv": [791, 97], "mirror": true},
					{"origin": [91, 33, 10.5], "size": [1, 9, 6.5], "uv": [984, 136], "mirror": true},
					{"origin": [91, 33, 3.5], "size": [1, 9, 6.5], "uv": [984, 136], "mirror": true},
					{"origin": [43, 22, -16.5], "size": [0, 39, 33.5], "uv": [777, 91], "mirror": true},
					{"origin": [93, 22, -16.5], "size": [0, 39, 33.5], "uv": [777, 91], "mirror": true},
					{"origin": [42, 22, -15.5], "size": [50, 2, 12.5], "uv": [780, 65], "mirror": true},
					{"origin": [57.25, 24, -15.5], "size": [16.5, 8, 12.5], "uv": [709, 128], "mirror": true},
					{"origin": [83.25, 24, -15.5], "size": [8.5, 8, 12.5], "uv": [849, 133], "mirror": true},
					{"origin": [56.5, 32, -16.5], "size": [18.5, 1, 13.5], "uv": [905, 129], "mirror": true},
					{"origin": [65.25, 33, -16.5], "size": [1, 9, 6.5], "uv": [984, 136], "mirror": true},
					{"origin": [65.25, 33, -9.5], "size": [1, 9, 6.5], "uv": [984, 136], "mirror": true},
					{"origin": [91, 33, -9.5], "size": [1, 9, 6.5], "uv": [984, 136], "mirror": true},
					{"origin": [91, 33, -16.5], "size": [1, 9, 6.5], "uv": [984, 136], "mirror": true},
					{"origin": [82.5, 32, -16.5], "size": [9.5, 1, 13.5], "uv": [907, 155], "mirror": true},
					{"origin": [91.5, 42, -16.5], "size": [0, 2, 13.5], "uv": [791, 97], "mirror": true},
					{"origin": [65.75, 42, -16.5], "size": [0, 2, 13.5], "uv": [791, 97], "mirror": true},
					{"origin": [119, 22, -16.5], "size": [0, 39, 33.5], "uv": [777, 131], "mirror": true}
				]
			}
		]
	},
	"geometry.villager": {
		"texturewidth": 512,
		"textureheight": 128,
		"visible_bounds_width": 7,
		"visible_bounds_height": 2,
		"visible_bounds_offset": [0, 1, 0],
		"bones": [
			{
				"name": "body",
				"pivot": [0, 24, 0],
				"material": "alpha",
				"cubes": [
					{"origin": [-16, 3, -20], "size": [32, 1, 40], "uv": [204, 0]},
					{"origin": [-16, 4, 2], "size": [32, 14, 1], "uv": [390, 73]},
					{"origin": [-16, 12, -20], "size": [32, 6, 4], "uv": [100, 99]},
					{"origin": [7.3, 12.5, -16], "size": [2, 2, 3], "uv": [0, 8]},
					{"origin": [4.3, 10.5, -13.5], "size": [8, 8, 0], "uv": [0, 0]},
					{"origin": [2.8, 4, -10], "size": [11, 3, 12], "uv": [172, 99]},
					{"origin": [-13.8, 4, -10], "size": [11, 3, 12], "uv": [172, 99]},
					{"origin": [2.8, 7, -1], "size": [11, 14, 3], "uv": [218, 99]},
					{"origin": [-13.8, 7, -1], "size": [11, 14, 3], "uv": [218, 99]},
					{"origin": [-14.5, 4, 8], "size": [29, 3, 12], "uv": [246, 99]},
					{"origin": [-14.5, 7, 17], "size": [29, 12, 3], "uv": [100, 109]},
					{"origin": [-18, 3, -39], "size": [36, 15, 19], "uv": [0, 0]},
					{"origin": [-18, 4, -45], "size": [36, 14, 6], "uv": [110, 0]},
					{"origin": [-18, 3, -39], "size": [5, 10, 13], "uv": [0, 63]},
					{"origin": [13, 3, -39], "size": [5, 10, 13], "uv": [36, 63]},
					{"origin": [-19, 6, -46], "size": [38, 4, 6], "uv": [308, 0]},
					{"origin": [-19, 6, 35], "size": [38, 4, 11], "uv": [308, 10]},
					{"origin": [-18, 3, 20], "size": [36, 15, 14], "uv": [0, 34]},
					{"origin": [-18, 5, 34], "size": [36, 13, 11], "uv": [110, 20]},
					{"origin": [-18, 3, 21], "size": [5, 10, 13], "uv": [0, 86]},
					{"origin": [13, 3, 21], "size": [5, 10, 13], "uv": [36, 86]},
					{"origin": [-16, 12, 44.3], "size": [2, 3, 1], "uv": [184, 114]},
					{"origin": [14, 12, 44.3], "size": [2, 3, 1], "uv": [184, 118]},
					{"origin": [-22, 17.5, -19], "size": [4, 3, 2], "uv": [0, 13]},
					{"origin": [18, 17.5, -19], "size": [4, 3, 2], "uv": [0, 13]},
					{"origin": [-18, 3, -20], "size": [2, 15, 40], "uv": [100, 44]},
					{"origin": [16, 3, -20], "size": [2, 15, 40], "uv": [184, 44]},
					{"origin": [-17, 11, -21.5], "size": [2, 18, 1], "uv": [406, 0]},
					{"origin": [15, 11, -21.5], "size": [2, 18, 1], "uv": [414, 0]},
					{"origin": [-15, 11, -29.5], "size": [30, 2, 2], "uv": [406, 27]},
					{"origin": [-15, 17, -20.5], "size": [30, 12, 0], "uv": [228, 41]}
				]
			},
			{
				"name": "leg0",
				"pivot": [0, 6, 27.5],
				"rotation": [-115, 0, 0],
				"cubes": [
					{"origin": [-17.9, 1.2976, 23.43877], "size": [4, 8, 8], "uv": [0, 109]},
					{"origin": [13.9, 1.2976, 23.43877], "size": [4, 8, 8], "uv": [0, 109]},
					{"origin": [-17.9, 0.2976, 23.43877], "size": [4, 1, 8], "uv": [24, 109]},
					{"origin": [-17.9, 9.2976, 23.43877], "size": [4, 1, 8], "uv": [24, 109]},
					{"origin": [13.9, 0.2976, 23.43877], "size": [4, 1, 8], "uv": [24, 109]},
					{"origin": [13.9, 9.2976, 23.43877], "size": [4, 1, 8], "uv": [24, 109]},
					{"origin": [-17.9, 1.2976, 22.43877], "size": [4, 8, 1], "uv": [24, 118]},
					{"origin": [-17.9, 1.2976, 31.43877], "size": [4, 8, 1], "uv": [24, 118]},
					{"origin": [13.9, 1.2976, 22.43877], "size": [4, 8, 1], "uv": [24, 118]},
					{"origin": [13.9, 1.2976, 31.43877], "size": [4, 8, 1], "uv": [24, 118]},
					{"origin": [-17.9, -0.7024, 25.43877], "size": [4, 1, 4], "uv": [16, 109]},
					{"origin": [-17.9, 10.2976, 25.43877], "size": [4, 1, 4], "uv": [16, 109]},
					{"origin": [13.9, -0.7024, 25.43877], "size": [4, 1, 4], "uv": [16, 109]},
					{"origin": [13.9, 10.2976, 25.43877], "size": [4, 1, 4], "uv": [16, 109]},
					{"origin": [-17.9, 3.2976, 21.43877], "size": [4, 4, 1], "uv": [34, 118]},
					{"origin": [-17.9, 3.2976, 32.43877], "size": [4, 4, 1], "uv": [34, 118]},
					{"origin": [13.9, 3.2976, 21.43877], "size": [4, 4, 1], "uv": [34, 118]},
					{"origin": [13.9, 3.2976, 32.43877], "size": [4, 4, 1], "uv": [34, 118]}
				]
			},
			{
				"name": "leg1",
				"pivot": [0, 6, -32.5],
				"cubes": [
					{"origin": [-17.9, 3, -36.5], "size": [4, 8, 8], "uv": [0, 109]},
					{"origin": [13.9, 3, -36.5], "size": [4, 8, 8], "uv": [0, 109]},
					{"origin": [-17.9, 2, -36.5], "size": [4, 1, 8], "uv": [24, 109]},
					{"origin": [-17.9, 11, -36.5], "size": [4, 1, 8], "uv": [24, 109]},
					{"origin": [13.9, 2, -36.5], "size": [4, 1, 8], "uv": [24, 109]},
					{"origin": [13.9, 11, -36.5], "size": [4, 1, 8], "uv": [24, 109]},
					{"origin": [-17.9, 3, -37.5], "size": [4, 8, 1], "uv": [24, 118]},
					{"origin": [-17.9, 3, -28.5], "size": [4, 8, 1], "uv": [24, 118]},
					{"origin": [13.9, 3, -37.5], "size": [4, 8, 1], "uv": [24, 118]},
					{"origin": [13.9, 3, -28.5], "size": [4, 8, 1], "uv": [24, 118]},
					{"origin": [-17.9, 1, -34.5], "size": [4, 1, 4], "uv": [16, 109]},
					{"origin": [-17.9, 12, -34.5], "size": [4, 1, 4], "uv": [16, 109]},
					{"origin": [13.9, 1, -34.5], "size": [4, 1, 4], "uv": [16, 109]},
					{"origin": [13.9, 12, -34.5], "size": [4, 1, 4], "uv": [16, 109]},
					{"origin": [-17.9, 5, -38.5], "size": [4, 4, 1], "uv": [34, 118]},
					{"origin": [-17.9, 5, -27.5], "size": [4, 4, 1], "uv": [34, 118]},
					{"origin": [13.9, 5, -38.5], "size": [4, 4, 1], "uv": [34, 118]},
					{"origin": [13.9, 5, -27.5], "size": [4, 4, 1], "uv": [34, 118]}
				]
			}
		]
	}
 }
	
	
	
  
  
  
  
  
  
  
  
  
  
  
  
  
  
  
  
  
  
  
  
  
  
  
